code,name,city,lat,lon
63FD,LINK FIELD,ALACHUA,29.6981,-82.4914
FA62,SANTA FE RIVER RANCH,ALACHUA,29.9169,-82.4832
63FA,SULLIVAN FIELD,ALACHUA,29.7342,-82.5653
0FL4,JACKSON,ALFORD,30.7050,-85.3783
01FD,FLORIDA HOSPITAL-ALTAMONTE,ALTAMONTE SPRINGS,28.6664,-81.3706
0FA9,PARADISE LANDING,ALTAMONTE SPRINGS,28.6575,-81.3825
3FD9,PRAIRIE LAKE PVT RES SP MOORING FACILITY,ALTAMONTE SPRINGS,28.6567,-81.3534
FD60,CALHOUN SHERIFF'S,ALTHA,30.5869,-85.1038
50FD,CATTLE CREEK RANCH,ALTHA,30.5182,-85.1988
87FL,ALMA,ALVA,26.7330,-81.5710
AAF,APALACHICOLA RGNL-CLEVE RANDOLPH FIELD,APALACHICOLA,29.7275,-85.0274
F47,ST GEORGE ISLAND,APALACHICOLA,29.6446,-84.9156
FL57,CARTER,APOPKA,28.6189,-81.5087
1FA2,FLORIDA HOSPITAL APOPKA,APOPKA,28.6814,-81.5075
X04,ORLANDO APOPKA,APOPKA,28.7075,-81.5820
X06,ARCADIA MUNI,ARCADIA,27.1956,-81.8372
FD85,DE SOTO MEMORIAL HOSPITAL,ARCADIA,27.2280,-81.8510
0FA1,FRIERSON GROVE,ARCADIA,27.3039,-81.8804
26FD,HENNESSY,ARCADIA,27.0512,-81.8481
FL40,HUMMINGBIRDS LANDING,ARCADIA,27.1210,-81.8027
8FL1,MC DONALD'S FIELD,ARCADIA,27.1970,-81.9156
FA64,MONTGOMERY RANCH,ARCADIA,27.0745,-81.5865
09FL,SUNNYBREEZE,ARCADIA,27.0556,-81.9706
FA57,ARCHER EMERGENCY,ARCHER,29.5342,-82.5244
0J8,FLYING TEN,ARCHER,29.6189,-82.5088
FL66,PEACH ORCHARD,ARCHER,29.5572,-82.4967
FA66,TRAVEL LODGE,ATLANTIC BEACH,30.3241,-81.4118
1FD3,JFK MEDICAL CENTER,ATLANTIS,26.5997,-80.0911
FA53,EAGLES NEST,AUBURNDALE,28.0439,-81.8486
1FL0,GARNER LANDING,AUBURNDALE,28.1036,-81.8059
FL16,MARKET WORLD,AUBURNDALE,28.0586,-81.8165
1FD5,AVENTURA HOSPITAL & MEDICAL CENTER,AVENTURA,25.9705,-80.1450
AVO,AVON PARK EXECUTIVE,AVON PARK,27.5913,-81.5290
FL01,CREWS HOMESTEAD RANCH,AVON PARK,27.6211,-81.6106
AGR,MACDILL AFB AUX FLD,AVON PARK,27.6479,-81.3416
55FD,DOTSON,BAKER,30.8185,-86.6880
18FD,SKYPARK ESTATES OWNERS ASSOC,BAKER,30.8541,-86.6672
1FL7,BARTON HMA LLC,BARTOW,27.9189,-81.8451
FD65,BARTOW HIGH SCHOOL,BARTOW,27.8800,-81.8412
BOW,BARTOW MUNI,BARTOW,27.9434,-81.7834
8FL5,DANCING OAKS,BARTOW,27.9484,-81.8635
17FD,SHERIFFS HELISTOP,BARTOW,27.9000,-81.8451
86FD,COUNTRY LANDINGS,BELL,29.7647,-82.8964
37FL,FLYING HARNESS FARMS,BELL,29.7186,-82.8446
6FL9,SAW WHET FARMS,BELL,29.6900,-82.8712
9FL5,SHADY BEND,BELL,29.8141,-82.9257
X10,BELLE GLADE STATE MUNI,BELLE GLADE,26.6983,-80.6608
FA69,DUDA AIRSTRIP,BELLE GLADE,26.5878,-80.6373
9FA2,LAKESIDE MEDICAL CENTER,BELLE GLADE,26.7237,-80.6720
0FL5,LAKE CONWAY SOUTH,BELLE ISLE,28.4586,-81.3497
8FL3,BACK ACHERS,BELLEVIEW,29.0730,-81.9995
FL58,JOHARY,BELLEVIEW,29.0264,-81.9879
7FL0,JORDAN,BELLEVIEW,29.0141,-81.9845
FD79,JORDAN,BELLEVIEW,29.0141,-81.9781
2FA2,MONROE AIRPARK,BELLEVIEW,29.0189,-82.1137
8FL2,NORTON,BELLEVIEW,29.0011,-82.1006
19FL,THE VILLAGES,BELLEVIEW,28.9806,-81.9906
F95,CALHOUN COUNTY,BLOUNTSTOWN,30.4872,-85.1138
5FD6,BOCA GRANDE HELISTOP,BOCA GRANDE,26.7423,-82.2587
58FL,A I M,BOCA RATON,26.4156,-80.1914
BCT,BOCA RATON,BOCA RATON,26.3785,-80.1077
3FD8,WEST BOCA MEDICAL CENTER,BOCA RATON,26.3556,-80.2003
2FA3,HENDERSON,BOKEELIA,26.5187,-82.1518
7FD5,DOCTORS HOSPITAL,BONIFAY,30.7613,-85.6825
FA55,GARNER FIELD,BONIFAY,30.7797,-85.7683
03FD,THARPE,BONIFAY,30.8288,-85.7310
1J0,TRI-COUNTY,BONIFAY,30.8458,-85.6014
88FD,BETHESDA MEMORIAL HOSPITAL,BOYNTON BEACH,26.5043,-80.0703
FL47,BETHESDA WEST HOSPITAL,BOYNTON BEACH,26.5293,-80.1984
FA44,WILLIS,BOYNTON BEACH,26.5481,-80.2148
5FL2,HCA L W BLAKE HOSPITAL,BRADENTON,27.4828,-82.5232
7FL9,LAKEWOOD RANCH MEDICAL CENTER HELISTOP,BRADENTON,27.3900,-82.4354
FL45,MANATEE MEMORIAL HOSPITAL,BRADENTON,27.4958,-82.5626
5FL3,HOSPITAL BRANDON HELISTOP,BRANDON,27.9322,-82.2884
FL78,LEWIS,BRANDON,27.8986,-82.1826
FD16,FLYING C FARM,BRANFORD,29.9658,-82.8728
FL02,FOX FIELD,BRANFORD,29.8894,-82.7987
2FD0,LAZYBOY,BRANFORD,29.9758,-82.9073
FD71,O'BRIEN AIRPARK EAST/WEST,BRANFORD,30.0483,-82.9839
0FL1,THOMPSON AIRFIELD,BRANFORD,29.9833,-82.8356
0FA3,BRIGHTON HELIPAD,BRIGHTON,27.0758,-81.0712
BKV,BROOKSVILLE-TAMPA BAY RGNL,BROOKSVILLE,28.4736,-82.4554
5FD7,CHINSEGUT,BROOKSVILLE,28.6117,-82.3679
X05,PILOT COUNTRY,BROOKSVILLE,28.3303,-82.4965
47FL,RANCHAERO GRAND VISTA,BROOKSVILLE,28.5399,-82.3047
5FD4,FLAGLER COUNTY EMERGENCY OPNS CENTER,BUNNELL,29.4711,-81.2443
09FD,CHERYL-LANE LANDINGS,BUSHNELL,28.6711,-82.0873
25FL,CONNELL'S WAHOO,BUSHNELL,28.6319,-82.1578
9FL1,FLYING W AIRRANCH,BUSHNELL,28.6836,-82.1576
00FA,GRASS PATCH,BUSHNELL,28.6455,-82.2190
4FL2,KO-KEE,BUSHNELL,28.5950,-82.1498
3FA6,SUMTER COUNTY SHERIFF'S,BUSHNELL,28.6625,-82.1075
2CB,CAMP BLANDING AAF/NG,CAMP BLANDING MIL RES(STARKE),29.9669,-81.9832
5FD8,BOKEELIA HELISTOP,CAPE CORAL,26.6706,-82.1359
FD66,CAPE CORAL HOSPITAL,CAPE CORAL,26.6384,-81.9415
5FD9,ST JAMES HELISTOP,CAPE CORAL,26.5115,-82.0884
X13,CARRABELLE-THOMPSON,CARRABELLE,29.8420,-84.7011
FA43,DOG ISLAND,CARRABELLE,29.8085,-84.5957
FL04,PATE LAKE,CARYVILLE,30.6921,-85.7569
FA71,CEDARS AIRFIELD,CEDAR KEY,29.2280,-82.9437
CDK,GEORGE T LEWIS,CEDAR KEY,29.1342,-83.0505
77FL,CELEBRATION HEALTH HOSPITAL,CELEBRATION,28.3292,-81.5425
FD89,COLLIER/PINE BARREN AIRPARK,CENTURY,30.8271,-87.3583
31FD,FLORIDA STATE HOSPITAL,CHATTAHOOCHEE,30.7063,-84.8424
73FD,BROOKINS AIR STRIP,CHIEFLAND,29.5108,-82.8601
51FL,CHIEFLAND SKY RANCH,CHIEFLAND,29.3949,-82.8698
79FL,NEAL FIELD,CHIEFLAND,29.5527,-82.8687
FA36,WHITE FARMS,CHIEFLAND,29.5151,-82.8729
6FD0,WINDY ACRES,CHIEFLAND,29.5658,-82.8687
FD94,HARTZOG FIELD,CHIPLEY,30.7189,-85.6067
80FL,NORTHWEST FLORIDA COMMUNITY HOSPITAL,CHIPLEY,30.7660,-85.5438
6FD2,BIG OAKS RANCH,CHULUOTA,28.6669,-81.0845
FD14,PANIOLA AIR RANCH,CITRA,29.3752,-82.0581
9FD5,THOMPSON'S GOINBROKE AERO RANCH,CITRA,29.3866,-82.1429
74FD,CLARKSVILLE,CLARKSVILLE,30.4641,-85.1771
5FD1,RON WOOD,CLARKSVILLE,30.4321,-85.2888
FL15,STEEP HEAD FARM,CLARKSVILLE,30.4202,-85.3005
CLW,CLEARWATER AIR PARK,CLEARWATER,27.9772,-82.7591
06FL,MORTON PLANT HOSPITAL,CLEARWATER,27.9535,-82.8062
21FL,KINGS FIELD,CLERMONT,28.5086,-81.8003
2IS,AIRGLADES,CLEWISTON,26.7352,-81.0511
0FL0,HARPER'S FLY-IN RANCH,CLEWISTON,26.7306,-81.1639
45FA,HENDRY MEDICAL,CLEWISTON,26.7517,-80.9411
0FL9,MC DANIEL RANCH INC,CLEWISTON,26.3939,-81.0231
2FA4,SOUTHERN RANCH,CLEWISTON,26.3795,-80.9456
3FL4,KNOBEL,COCOA,28.2485,-80.6620
FA13,TREASURE LAGOON,COCOA,28.4475,-80.7224
XMR,CAPE CANAVERAL AFS SKID STRIP,COCOA BEACH,28.4676,-80.5666
1FL8,CAPE CANAVERAL HOSPITAL,COCOA BEACH,28.3611,-80.6222
COF,PATRICK AFB,COCOA BEACH,28.2350,-80.6100
2FA6,FREEFLIGHT INTL,COLEMAN,28.8111,-82.0654
FD44,EAGLES NEST AERODROME,CRESCENT CITY,29.4269,-81.6042
FD56,INHOME MEDICAL LANDING,CRESCENT CITY,29.4544,-81.5192
16FD,SKINNERS WHOLESALE NURSERY,CRESCENT CITY,29.4050,-81.4959
2FA5,THUNDERBIRD AIR PARK,CRESCENT CITY,29.4722,-81.5720
28FL,JIM FINLAY FARM,CRESENT CITY,29.4419,-81.5831
CEW,BOB SIKES,CRESTVIEW,30.7788,-86.5221
EGI,DUKE FIELD-(EGLIN AF AUX NR 3),CRESTVIEW,30.6486,-86.5220
FD03,FIVE OAKS ESTATE,CRESTVIEW,30.8002,-86.4355
11FD,NORTH OKALOOSA MEDICAL CENTER,CRESTVIEW,30.7348,-86.5623
FL81,TRIPLE B AIRPARK,CRESTVIEW,30.7819,-86.4672
CTY,CROSS CITY,CROSS CITY,29.6355,-83.1048
35FA,RIMES LAKECREST,CROSS CREEK,29.4679,-82.1588
6FD1,CRYSTAL RIVER POWER PLANT,CRYSTAL RIVER,28.9594,-82.6931
CGC,CRYSTAL RIVER-CAPTAIN TOM DAVIS FLD,CRYSTAL RIVER,28.8676,-82.5741
66FD,J R'S,CRYSTAL RIVER,29.0036,-82.5553
1FA1,POST OAK RANCH,CRYSTAL RIVER,28.8558,-82.5526
2FL3,FOLSOM,CYPRESS,30.6726,-85.0835
FD53,CUB HAVEN,DADE CITY,28.4533,-82.2150
5FL0,DUSTY AIRPATCH,DADE CITY,28.4131,-82.2234
89FD,TRANQUILITY PAD,DADE CITY,28.4014,-82.2426
3FL1,TWO J'S FLYING RANCH,DADE CITY,28.4525,-82.2078
FL69,GRANDE OAKS GOLF CLUB,DAVIE,26.0798,-80.2548
9FD7,FORT ATKINSON PLANTATION AIRPARK,DAY,30.1962,-83.3090
DAB,DAYTONA BEACH INTL,DAYTONA BEACH,29.1799,-81.0581
4FL6,FLORIDA HOSPITAL,DAYTONA BEACH,29.2437,-81.1071
29FL,HALIFAX HOSPITAL MEDICAL CENTER,DAYTONA BEACH,29.2014,-81.0539
FL44,SMOKEY'S,DAYTONA BEACH,29.2308,-81.0281
7FL6,SPRUCE CREEK,DAYTONA BEACH,29.0802,-81.0466
FL71,PENNINGTON,DE FUNIAK SPRINGS,30.3744,-86.1794
2FD9,WEST VOLUSIA MEMORIAL HOSPITAL HELISTOP,DE LAND,29.0439,-81.3178
FD90,LAFAYETTE LANDINGS,DE LEON SPRINGS,29.1686,-81.2648
0FD5,BREEZY KNOLL,DEFUNIAK SPRINGS,30.8202,-86.3444
5FL9,CEDAR LANE,DEFUNIAK SPRINGS,30.7363,-86.2130
02FL,CUCHENS,DEFUNIAK SPRINGS,30.6428,-86.1239
54J,DEFUNIAK SPRINGS,DEFUNIAK SPRINGS,30.7311,-86.1538
0FD9,JOY FARMS,DEFUNIAK SPRINGS,30.6521,-86.1094
69FD,UNICORN PLACE,DEFUNIAK SPRINGS,30.8447,-86.2814
1J6,BOB LEE FLIGHT STRIP,DELAND,29.1041,-81.3142
FL62,BRADSHAW TREE FARM,DELAND,28.9486,-81.4131
FD86,DEEP WOODS RANCH,DELAND,29.0303,-81.4470
DED,DELAND MUNI-SIDNEY H TAYLOR FIELD,DELAND,29.0670,-81.2838
85FA,NORTH EXUMA,DELAND,29.0949,-81.2776
FD08,ANTIQUERS AERODROME,DELRAY BEACH,26.4654,-80.1498
48FD,DELRAY COMMUNITY HOSP EMERGENCY HELISTOP,DELRAY BEACH,26.4359,-80.1269
FL64,HARDRIVES DELTA NR 3 HELISTOP,DELRAY BEACH,26.4328,-80.0936
22FD,DESTIN EMERGENCY CARE CENTER,DESTIN,30.3939,-86.4714
DTS,DESTIN EXECUTIVE,DESTIN,30.4001,-86.4715
3FL7,MACK BAYOR AIRHEART,DESTIN,30.3772,-86.3056
58FD,SOUTHERLY,DUNDEE,28.0142,-81.5406
FA04,MEASE HOSPITAL,DUNEDIN,28.0144,-82.7820
X35,MARION COUNTY,DUNNELLON,29.0618,-82.3766
10FD,SEVEN FEATHERS,DUNNELLON,29.0066,-82.4046
9FD8,WESH-TV CHANNEL 2,EATONVILLE,28.6125,-81.3856
FD35,REDHEAD,EBRO,30.4905,-85.8394
5FL4,BYRD AIR FIELD,ELKTON,29.8008,-81.5009
6FD7,THOMSON AIRFIELD,ELLENTON,27.5442,-82.5301
X36,BUCHAN,ENGLEWOOD,26.9901,-82.3740
1FD4,CORKSCREW TRACE AIRPARK,ESTERO,26.4454,-81.6073
X55,MID FLORIDA AIR SERVICE,EUSTIS,28.8433,-81.6301
6FD6,ROSE RANCH,EUSTIS,28.9050,-81.4331
X01,EVERGLADES AIRPARK,EVERGLADES,25.8489,-81.3903
9FL7,OASIS RANGER STATION-U S GOVERNMENT,EVERGLADES CITY,25.8573,-81.0345
FA09,RELUCTANT GREMLIN,FAIRFIELD,29.3408,-82.2637
4FL3,FELLSMERE,FELLSMERE,27.7417,-80.6662
FD91,BAPTIST MEDICAL CENTER OF NASSAU,FERNANDINA BEACH,30.6537,-81.4482
FHB,FERNANDINA BEACH MUNI,FERNANDINA BEACH,30.6118,-81.4612
FL84,FLYING-A-RANCH,FERNANDINA BEACH,30.6011,-81.5704
05FA,MELANIE'S,FLORALA,30.9189,-86.2183
FL75,INDIAN HAMMOCK,FORT DRUM,27.5420,-80.8331
6FD8,BROWARD GENERAL MEDICAL CENTER,FORT LAUDERDALE,26.1040,-80.1414
FA10,BSO PUBLIC SAFETY HELISTOP,FORT LAUDERDALE,26.1245,-80.1792
30FD,CITY OF FORT LAUDERDALE,FORT LAUDERDALE,26.1240,-80.1442
DT1,DOWNTOWN FORT LAUDERDALE,FORT LAUDERDALE,26.1205,-80.1421
FXE,FORT LAUDERDALE EXECUTIVE,FORT LAUDERDALE,26.1973,-80.1707
FLL,FORT LAUDERDALE/HOLLYWOOD INTL,FORT LAUDERDALE,26.0717,-80.1497
FD73,LOS OLAS CENTER,FORT LAUDERDALE,26.1187,-80.1387
2FD4,PORT EVERGLADES,FORT LAUDERDALE,26.0962,-80.1137
6FD9,THUNDERBIRD,FORT LAUDERDALE,26.1370,-80.1909
FD10,JUBILEE ACRES,FORT MEADE,27.7897,-81.6532
1FA9,VILLA CHAR MAR,FORT MEADE,27.7850,-81.6511
FD62,WATERS,FORT MEADE,27.7801,-81.6433
FL59,BUCKINGHAM FIELD,FORT MYERS,26.6434,-81.7104
29FA,CALOOSA DOWNTOWN,FORT MYERS,26.6350,-81.8750
67FD,GULF COAST HOSPITAL,FORT MYERS,26.5442,-81.8500
3FA4,GULF COAST MEDICAL CENTER,FORT MYERS,26.5441,-81.8488
FD67,LEE MEMORIAL HOSPITAL EMERGENCY,FORT MYERS,26.6287,-81.8747
FMY,PAGE FIELD,FORT MYERS,26.5866,-81.8633
1FA3,PINE ISLAND,FORT MYERS,26.6562,-82.1212
7FD1,PINE RIDGE HELISTOP,FORT MYERS,26.4904,-81.9334
94FL,PINE SHADOWS AIRPARK,FORT MYERS,26.7328,-81.8973
FL90,SALTY APPROACH,FORT MYERS,26.6034,-82.2201
41FL,SOUTHERN MACHINE & STEEL YARD,FORT MYERS,26.6342,-81.8340
RSW,SOUTHWEST FLORIDA INTL,FORT MYERS,26.5362,-81.7552
47FD,STRAYHORN RANCH,FORT MYERS,26.6628,-81.7706
4FA3,TRANQUILITY BAY STRIP,FORT MYERS,26.6434,-82.1179
3FL6,WINK TV,FORT MYERS,26.6508,-81.8556
FL86,WOODSTOCK,FORT MYERS,26.5826,-82.0984
7FL3,ADAMS RANCH,FORT PIERCE,27.4420,-80.5842
FD88,AERO ACRES,FORT PIERCE,27.3420,-80.5220
FD57,BAGGETT,FORT PIERCE,27.4698,-80.4164
7FL8,DRAGONFLY,FORT PIERCE,27.4439,-80.5651
FL67,EVANS PROPERTIES INC,FORT PIERCE,27.2778,-80.5859
75FD,FP & L NUCLEAR POWER PLANT,FORT PIERCE,27.3517,-80.2450
FL29,HALES 700,FORT PIERCE,27.3612,-80.5709
FD19,LAWNWOOD MEDICAL CENTER,FORT PIERCE,27.4329,-80.3460
FD30,SOUTHEASTERN,FORT PIERCE,27.4114,-80.5262
FPR,TREASURE COAST INTL,FORT PIERCE,27.4975,-80.3726
FA14,BROADWAY HELICOPTERS,FORT WALTON BEACH,30.3977,-86.5941
FD45,FORT WALTON BEACH MEDICAL CTR,FORT WALTON BEACH,30.4538,-86.6352
NKL,HOLLEY NOLF,FORT WALTON BEACH,30.4252,-86.8939
FD31,BRADLEY,FORT WHITE,29.9280,-82.7012
68FD,MARAN,FOUNTAIN,30.5222,-85.3767
0FD3,DUGGER FIELD,FREEPORT,30.4964,-86.0938
FD46,GODDARD SEADROME,FROSTPROOF,27.7553,-81.5140
38FD,GRIFFIN'S MAIN OFFICE,FROSTPROOF,27.7370,-81.5320
52FL,LAKE CLINCH AIRPARK,FROSTPROOF,27.7513,-81.5592
4FL5,RIDGE LANDING,FROSTPROOF,27.7553,-81.5997
5FA1,FLYING PALOMINO RANCH,FRUITLAND PARK,28.8780,-81.9409
FL99,FLYING-H,FRUITLAND PARK,28.8761,-81.8890
8FL7,CAPRA FARMS,GAINESVILLE,29.6855,-82.4759
GNV,GAINESVILLE RGNL,GAINESVILLE,29.6901,-82.2718
FD81,GLEIM FIELD,GAINESVILLE,29.7027,-82.4257
FA56,NORTH FLORIDA RGNL MEDICAL CENTER,GAINESVILLE,29.6615,-82.4121
63FL,SHANDS CAIR,GAINESVILLE,29.6355,-82.3506
FA12,SHANDS HELISTOP,GAINESVILLE,29.6391,-82.3454
53FL,UNIVERSITY OF FLORIDA,GAINESVILLE,29.6441,-82.3532
FA39,VETERANS ADMINISTRATION MEDICAL CENTER,GAINESVILLE,29.6372,-82.3621
0FL2,ALLIGATOR DRINK,GENEVA,28.7878,-81.1642
01FL,CEDAR KNOLL FLYING RANCH,GENEVA,28.7819,-81.1592
FD92,SOUTHERLAND STRIP,GENEVA,28.7328,-81.0787
FD27,CUYLER FIELD,GLEN ST MARY,30.3627,-82.2262
FD26,KIRKLAND,GRACEVILLE,30.9818,-85.4924
1FD0,LAWRENCE,GRAND RIDGE,30.7155,-85.0244
7FL4,HALLER AIRPARK,GREEN COVE SPRINGS,29.9030,-81.6859
FL60,REYNOLDS AIRPARK,GREEN COVE SPRINGS,29.9725,-81.6609
5FL6,FLAT CREEK,GREENSBORO,30.6044,-84.7907
9FL8,FINLAYSON FARM,GREENVILLE,30.6166,-83.6524
20FD,PRATT,GREENVILLE,30.4255,-83.5760
5FL8,CHIPOLA AIRPARK,GREENWOOD,30.8882,-85.1677
FD78,KENNEDY,GROVELAND,28.6031,-81.8495
02FA,OSBORN AIRFIELD,GROVELAND,28.5267,-81.8748
6FL0,SEMINOLE LAKE,GROVELAND,28.4058,-81.8379
FA42,SHEETS,GROVELAND,28.5329,-81.8467
FD47,GULF BREEZE HOSPITAL,GULF BREEZE,30.3594,-87.1589
4FL9,GORE,HAINES CITY,28.1434,-81.6470
2FL9,HEART OF FLORIDA MEDICAL CENTER,HAINES CITY,28.1797,-81.6390
FA73,OAK HARBOR,HAINES CITY,28.1289,-81.6879
8FL6,GEORGE T MC CUTCHAN,HAROLD,30.6735,-86.8519
NZX,HAROLD NOLF,HAROLD,30.6807,-86.8872
13FA,EARLE AIRPARK,HASTINGS,29.6944,-81.5137
2FA7,FRONTIER,HASTINGS,29.6353,-81.4653
8FL0,HUTSON AIRFIELD,HASTINGS,29.7280,-81.4398
46FD,TATER FARMS STRIP,HASTINGS,29.6680,-81.4973
FA26,DOGWOOD FARM,HAVANA,30.5372,-84.4519
76FD,PEAVY FARMS,HAVANA,30.6705,-84.4141
FD55,RUTTEN DUSTING STRIP,HAVANA,30.6794,-84.3691
9FL2,SARANAC FARM,HAVANA,30.6525,-84.4747
7FD2,DRAKE RANCH,HERNANDO,28.9903,-82.3304
5FL7,TWELVE OAKS,HERNANDO,28.9780,-82.3637
84FL,CAPELETTI,HIALEAH,25.9254,-80.2998
7FD3,CENTRAL DISTRICT POLICE STATION,HIALEAH,25.8532,-80.2470
1FA5,PALMETTO GENERAL HOSPITAL,HIALEAH,25.8866,-80.3266
7FL7,LAZY S FARM,HIGH SPRINGS,29.8686,-82.6346
6J8,OAK TREE LANDING,HIGH SPRINGS,29.7201,-82.6640
01J,HILLIARD AIRPARK,HILLIARD,30.6860,-81.9063
81FA,JOHNSON RANCH,HOBE SOUND,27.0339,-80.1664
44FD,HARD ROCK,HOLLYWOOD,26.0507,-80.2109
FL56,HOLLYWOOD HELIPAD,HOLLYWOOD,26.0455,-80.2158
FL65,MAC-IVOR & FRIENDS AIRSTRIP,HOLLYWOOD,26.0448,-80.3734
77FD,MEMORIAL RGNL HOSPITAL,HOLLYWOOD,26.0188,-80.1813
HWO,NORTH PERRY,HOLLYWOOD,26.0012,-80.2407
FD93,YELLOW RIVER AIRSTRIP,HOLT,30.6855,-86.7472
11FA,B & L FARMS,HOMESTEAD,25.5837,-80.4998
HST,HOMESTEAD ARB,HOMESTEAD,25.4886,-80.3836
X51,HOMESTEAD GENERAL AVIATION,HOMESTEAD,25.4992,-80.5542
78FD,MAC'S FIELD,HOMESTEAD,25.5465,-80.4656
FD34,MOTORSPORTS COMPLEX EMS,HOMESTEAD,25.4536,-80.4114
FD17,MOTORSPORTS COMPLEX VIP,HOMESTEAD,25.4486,-80.4100
04FA,RICHARDS FIELD,HOMESTEAD,25.5587,-80.5151
FA47,SOUTH DADE COMMUNITY HEALTH CENTER,HOMESTEAD,25.5662,-80.3582
4FD3,THE WRIGHT PLACE,HOMESTEAD,25.5153,-80.5135
FA27,PERRYDISE,HOMOSASSA,28.7602,-82.6288
59FD,BIG CYPRESS AIRFIELD,IMMOKALEE,26.3262,-80.9880
0FA6,IMMOKALEE HELIPAD,IMMOKALEE,26.3983,-81.4147
IMM,IMMOKALEE RGNL,IMMOKALEE,26.4338,-81.4014
80FD,BRADY RANCH,INDIANTOWN,27.1134,-80.6334
FA24,HORSESHOE ACRES AIRPARK,INDIANTOWN,27.0933,-80.6122
X58,INDIANTOWN,INDIANTOWN,27.0375,-80.4410
FL82,OAK RIDGE,INTERLACHEN,29.5805,-81.8612
FD96,CITRUS MEMORIAL HOSPITAL,INVERNESS,28.8340,-82.3354
INF,INVERNESS,INVERNESS,28.8036,-82.3183
FA05,HOLIDAY ISLE,ISLAMORADA,24.9349,-80.6009
2FD2,MARJORIE KENNAN RAWLINGS,ISLAND GROVE,29.4794,-82.0533
7FD4,BAPTIST MEDICAL CENTER,JACKSONVILLE,30.3158,-81.6623
VQQ,CECIL,JACKSONVILLE,30.2188,-81.8772
FD48,DEEP FOREST,JACKSONVILLE,30.2419,-81.4498
FD11,FPC,JACKSONVILLE,30.3113,-81.6748
0FL8,GARY GALE,JACKSONVILLE,30.1939,-81.6819
HEG,HERLONG RECREATIONAL,JACKSONVILLE,30.2778,-81.8059
CRG,JACKSONVILLE EXECUTIVE AT CRAIG,JACKSONVILLE,30.3363,-81.5144
JAX,JACKSONVILLE INTL,JACKSONVILLE,30.4941,-81.6878
NIP,JACKSONVILLE NAS (TOWERS FLD),JACKSONVILLE,30.2337,-81.6761
8FL8,JACKSONVILLE POLICE,JACKSONVILLE,30.3252,-81.6512
FD87,JACKSONVILLE PRE-TRIAL DETENTION FACILITY,JACKSONVILLE,30.3255,-81.6507
6FL1,MAYO CLINIC,JACKSONVILLE,30.2650,-81.4409
FA65,MEMORIAL MEDICAL CENTER OF JACKSONVILLE,JACKSONVILLE,30.2917,-81.6008
FA41,MOSQUITO CONTROL,JACKSONVILLE,30.4411,-81.4773
FA61,SHANDS JACKSONVILLE HOSPITAL,JACKSONVILLE,30.3489,-81.6665
FD58,ST LUKE'S HOSPITAL,JACKSONVILLE,30.2530,-81.5840
35FL,ST VINCENT'S MEDICAL CENTER,JACKSONVILLE,30.3083,-81.6905
FD76,THOMAS CONTRACTING,JACKSONVILLE,30.1578,-81.5378
NEN,WHITEHOUSE NOLF,JACKSONVILLE,30.3495,-81.8670
45FD,BAPTIST MEDICAL CENTER/BEACHES,JACKSONVILLE BEACH,30.2730,-81.3984
FA15,HAMILTON HELISTOP,JASPER,30.5233,-82.9565
FD63,SQUIRES AVIATION RANCH,JASPER,30.5128,-83.1983
56FL,BUCHANAN,JAY,30.8760,-87.2075
FL06,GOLDEN HARVEST FLYING SVC INC,JAY,30.9030,-87.0439
FL96,JAY,JAY,30.9557,-87.1305
FA16,JAY HOSPITAL,JAY,30.9499,-87.1508
50FL,ODOM'S FLYING SERVICE,JAY,30.8533,-87.2394
FD82,PORTER,JAY,30.8405,-87.1058
85FL,THOMAS FARMS,JAY,30.9693,-87.0516
14FL,WELLS FLYING SERVICE,JAY,30.8655,-87.1777
FA11,BIRD FIELD,JENNINGS,30.6224,-83.2593
2FL4,BRADY,JUNO BEACH,26.8558,-80.0747
59FL,FLORIDA POWER & LIGHT-JUNO BEACH,JUNO BEACH,26.8595,-80.0573
82FL,BR RANCH,JUPITER,26.9142,-80.2053
81FD,FLYING H,JUPITER,26.9173,-80.1998
60FL,JUPITER MEDICAL CENTER,JUPITER,26.9256,-80.0961
FD15,TAILWINDS,JUPITER,26.9795,-80.2187
06FA,WILLIAM P GWINN,JUPITER,26.9082,-80.3284
5FL1,EZELL,KEATON BEACH,29.9033,-83.6079
6FL4,SYLVANMIR FARMS,KEATON BEACH,29.8211,-83.5732
4FL1,ESCAPE RANCH,KENANSVILLE,27.8628,-80.9581
33FL,FLYING S RANCH,KENANSVILLE,27.8609,-80.9999
80FA,LAKE MARIAN,KENANSVILLE,27.8864,-81.0839
FD09,RLM FARMS,KENANSVILLE,27.8100,-80.8589
07FA,OCEAN REEF CLUB,KEY LARGO,25.3254,-80.2748
7FA0,FLORIDA KEYS MEMORIAL HOSPITAL,KEY WEST,24.5838,-81.7443
EYW,KEY WEST INTL,KEY WEST,24.5561,-81.7596
NQX,KEY WEST NAS /BOCA CHICA FIELD/,KEY WEST,24.5746,-81.6866
7FA1,SUGAR LOAF SHORES,KEY WEST,24.6488,-81.5798
42J,KEYSTONE AIRPARK,KEYSTONE HEIGHTS,29.8447,-82.0475
1FL1,AMERICA'S CHOPPER PILOTS,KISSIMMEE,28.3117,-81.4651
43FD,COLE'S,KISSIMMEE,28.2911,-81.3872
85FD,FLORIDA HOSPITAL KISSIMMEE,KISSIMMEE,28.3153,-81.4059
3FA2,FLY HIGH,KISSIMMEE,28.3458,-81.6644
FA48,FOUR POINTS SHERATON LAKESIDE,KISSIMMEE,28.3395,-81.5954
FD54,GOLD EAGLE HELICOPTERS INC,KISSIMMEE,28.3347,-81.5014
FD41,GRAND CYPRESS RESORT,KISSIMMEE,28.3814,-81.5131
36FA,HAWKEYE HELI-TOURS,KISSIMMEE,28.3342,-81.4892
FA17,KISSIMMEE,KISSIMMEE,28.2836,-81.4090
6FA8,ORLANDO SUN RESORT,KISSIMMEE,28.3339,-81.5348
12FD,OSCEOLA RGNL HOSPITAL,KISSIMMEE,28.2986,-81.4109
19FD,OSCEOLA SHERIFF'S OFC - BRONSON HWY,KISSIMMEE,28.2751,-81.3365
FD83,STOUT,KISSIMMEE,28.2586,-81.3840
FD12,TOHO,KISSIMMEE,28.2503,-81.3915
FL88,BOB PAUL,LA BELLE,26.6837,-81.4498
05FL,CHARLTON STRIP,LA BELLE,26.5202,-81.4102
17FA,COTTON STRIP,LA BELLE,26.7134,-81.5354
FA18,DEVILS GARDEN STRIP,LA BELLE,26.4442,-81.0203
08FA,DUDA AIRSTRIP,LA BELLE,26.5798,-81.4837
1FL9,HENDRY COUNTY FIRE-EMS,LA BELLE,26.7464,-81.4286
X14,LA BELLE MUNI,LA BELLE,26.7406,-81.4283
95FD,SOUTH POINT,LA BELLE,26.7683,-81.5389
FD20,SUNDANCE FARMS,LA BELLE,26.8003,-81.4851
FA51,WILLIAM'S SKY MANOR,LA BELLE,26.7390,-81.5062
FL20,VILLAGE OF HOMEWOOD LADY LAKE,LADY LAKE,28.9497,-81.9599
FL03,DEPARTMENT OF CORRECTIONS FIELD,LAKE BUTLER,29.9919,-82.3665
15FL,CANNON CREEK AIRPARK,LAKE CITY,30.1537,-82.6664
FD84,DELTA,LAKE CITY,30.1252,-82.6637
FL05,HILL LANDING STRIP,LAKE CITY,30.1755,-82.6065
FL27,LAKE CITY AIRPARK,LAKE CITY,30.0438,-82.6040
LCQ,LAKE CITY GATEWAY,LAKE CITY,30.1821,-82.5769
1FL2,LAKE CITY MEDICAL CENTER,LAKE CITY,30.1858,-82.6882
86FL,LAKE SHORE HOSPITAL,LAKE CITY,30.1922,-82.6308
FL50,ROSSI FIELD,LAKE CITY,30.1466,-82.5723
1FL3,Z RANCH,LAKE CITY,30.0344,-82.7821
FD49,MONTGOMERY'S FLYING M RANCH,LAKE PANASOFFKEE,28.7736,-82.1304
90FD,BLUE HEAD RANCH,LAKE PLACID,27.1625,-81.5429
30FA,FLORIDA HOSPITAL LAKE PLACID,LAKE PLACID,27.3205,-81.3705
08FL,J H HENDRIE FARMS,LAKE PLACID,27.0845,-81.3287
FD72,KINGS PORT,LAKE PLACID,27.1828,-81.3906
03FA,LAKE PERSIMMON AIRSTRIP,LAKE PLACID,27.3531,-81.4081
3FD0,LAST CHANCE RANCH,LAKE PLACID,27.0217,-81.4512
09FA,PLACID LAKES,LAKE PLACID,27.2456,-81.4131
FA60,VINCE'S CONDOMINIUM ASSOCIATION,LAKE PLACID,27.2389,-81.3859
52FA,BENT WILLIES,LAKE WALES,27.9396,-81.4320
X25,CHALET SUZANNE AIR STRIP,LAKE WALES,27.9538,-81.6014
62FL,DAVID WINE'S AIRSTRIP,LAKE WALES,27.8444,-81.4397
FA45,LAKE WALES,LAKE WALES,27.9161,-81.5487
X07,LAKE WALES MUNI,LAKE WALES,27.8939,-81.6204
9FD0,SAGE SEADROME,LAKE WALES,27.9456,-81.4034
6FL7,TIMMER,LAKE WALES,27.8347,-81.4375
7FD6,LOXAHATCHEE,LAKE WORTH,26.6226,-80.3053
42FD,PALM BEACH STATE COLLEGE,LAKE WORTH,26.6107,-80.0876
FL43,BURNTWOOD RANCH,LAKELAND,28.2581,-81.9306
FD33,GREEN SWAMP AERODROME,LAKELAND,28.2117,-81.9987
8FA0,LAKE GIBSON,LAKELAND,28.1086,-81.9587
LAL,LAKELAND LINDER RGNL,LAKELAND,27.9889,-82.0186
7FD7,LAKELAND RGNL MEDICAL CENTER,LAKELAND,28.0622,-81.9543
40FD,LITTLE'S,LAKELAND,28.0106,-81.8790
X49,SOUTH LAKELAND,LAKELAND,27.9334,-82.0440
2FA9,MOUNT OLIVE FARM,LAMONT,30.3364,-83.7836
4FL0,TURKEY SCRATCH PLANTATION,LAMONT,30.4036,-83.8100
FA06,PINELLAS COUNTY SHERIFF'S BUILDING,LARGO,27.8914,-82.7893
07FL,CITRUS COUNTY MOSQUITO CONTROL HOME BASE,LECANTO,28.8769,-82.4911
99FL,MADISON COUNTY,LEE,30.4474,-83.3110
10FA,FLYING BARON ESTATES,LEESBURG,28.7975,-81.9359
3FD2,L R M C EMERGENCY HELISTOP,LEESBURG,28.8083,-81.8670
LEE,LEESBURG INTL,LEESBURG,28.8229,-81.8084
51FD,TEX MERRITT PRIVATE AIRSTRIP,LEESBURG,28.6678,-81.9181
50FA,LEHIGH ACRES RGNL MEDICAL CENTER,LEHIGH ACRES,26.6166,-81.6591
0FL6,STANCHESTER,LITHIA,27.8059,-82.1401
FD42,COOKSEY BROTHERS,LIVE OAK,30.2116,-83.0546
FL08,FLORIDA SHERIFFS BOYS RANCH,LIVE OAK,30.4155,-83.0165
FL09,KITTYHAWK ESTATES,LIVE OAK,30.3388,-83.1443
45FL,MOSS MEADOWS,LIVE OAK,30.2374,-82.9065
FA88,PITTMAN OAKS,LIVE OAK,30.4250,-83.0485
FD61,RED BARN ACRES,LIVE OAK,30.1766,-82.9979
9FL0,SUWANNEE BELLE,LIVE OAK,30.0924,-83.0854
24J,SUWANNEE COUNTY,LIVE OAK,30.3004,-83.0244
9FL9,SUWANNEE HOSPITAL EMERGENCY,LIVE OAK,30.2913,-83.0040
FL07,WINGS N SUNSETS LLC,LIVE OAK,30.2502,-82.9240
FL80,LEE FARMS,LOWELL,29.3338,-82.1659
FA19,PALMS WEST HOSPITAL HELISTOP,LOXAHATCHEE,26.6806,-80.8406
FD50,THE TRAILS,LURAVILLE,30.1091,-83.1888
FL35,GERACI AIRPARK,LUTZ,28.1750,-82.4878
FD06,LAKE BIRD,LUTZ,28.1809,-82.4556
FA70,ST JOSEPH'S HOSPITAL NORTH,LUTZ,28.1306,-82.5093
FL11,THRIFTS,MACCLENNY,30.3494,-82.1209
38FA,BLUE SPRINGS,MADISON,30.4835,-83.2499
7FD9,ESTHERBROOK AERODROME,MADISON,30.6244,-83.2868
3FL8,HART,MALONE,30.9463,-85.2738
56FD,NORTH AMERICAN FARMS,MALONE,30.9646,-85.0694
91FD,FREEDOM WPEC INC,MANGONIA PARK,26.7615,-80.0706
10FL,FISHERMEN'S HOSPITAL EMERGENCY HELISTOP,MARATHON,24.7104,-81.0945
42FL,PLANTATION KEY,MARATHON,24.9712,-80.5956
MTH,THE FLORIDA KEYS MARATHON INTL,MARATHON,24.7262,-81.0514
2FD5,THE ISLAND FISH CO,MARATHON,24.7343,-81.0187
MKY,MARCO ISLAND,MARCO ISLAND,25.9950,-81.6725
69FL,GRIFFIN,MARIANNA,30.7690,-85.0809
28FD,JACKSON COUNTY HOSPITAL,MARIANNA,30.7871,-85.2410
FL53,JOEY ANDERSON,MARIANNA,30.7346,-85.1849
21FD,LAND'S FIELD,MARIANNA,30.6946,-85.3108
MAI,MARIANNA MUNI,MARIANNA,30.8378,-85.1819
HRT,HURLBURT FIELD,MARY ESTHER,30.4289,-86.6888
06FD,GRASS ROOTS AIRPARK,MASCOTTE,28.6417,-81.8850
33FD,R O RANCH,MAYO,29.9144,-83.2665
NRB,MAYPORT NS (ADM DAVID L MCDONALD FIELD),MAYPORT,30.3914,-81.4245
8FD1,BUCKNER,MC ALPIN,30.0988,-82.9276
9FD9,BUDDY'S AG SERVICE,MC ALPIN,30.1224,-82.9679
FL10,LITTLE RIVER,MC ALPIN,30.1150,-82.9090
FD00,DADE COUNTY MOSQUITO CONTROL,MEDLEY,25.8273,-80.3423
3FD3,HOLMES RGNL MEDICAL CENTER,MELBOURNE,28.0878,-80.6137
MLB,MELBOURNE INTL,MELBOURNE,28.1028,-80.6452
92FD,NIERENBERG ESTATE,MELBOURNE,28.2183,-80.6842
31FL,TEDFORD RANCH,MELBOURNE,28.0434,-81.0192
66FL,VA OUTPATIENT CLINIC,MELBOURNE,28.2547,-80.7439
8FA7,VIERA HOSPITAL,MELBOURNE,28.2268,-80.7310
FD22,MELROSE LANDING,MELROSE,29.6669,-81.9551
39FA,SANDERS RANCH,MELROSE,29.6625,-82.0093
COI,MERRITT ISLAND,MERRITT ISLAND,28.3416,-80.6855
9FA8,BAPTIST HOSPITAL,MIAMI,25.6861,-80.3385
14FA,BURRS STRIP,MIAMI,25.5701,-80.3998
TNT,DADE-COLLIER TRAINING AND TRANSITION,MIAMI,25.8618,-80.8970
64FL,DISTRICT VI,MIAMI,25.7820,-80.3775
0FD2,DOLPHIN STADIUM,MIAMI,25.9598,-80.2370
0FA0,DORAL RESORT & COUNTRY CLUB,MIAMI,25.8174,-80.3404
FD23,FISHER ISLAND,MIAMI,25.7642,-80.1387
FL94,FLORIDA POWER & LIGHT CO,MIAMI,25.7670,-80.3498
25FA,JACKSON MEMORIAL HOSPITAL,MIAMI,25.7929,-80.2048
FL91,JACKSON SOUTH COMMUNITY HOSPITAL,MIAMI,25.6299,-80.3442
FL98,KELLY TRACTOR CO,MIAMI,25.8273,-80.3337
2FA0,KENDALL DISTRICT STATION,MIAMI,25.6957,-80.3814
70FL,KENDALL RGNL MEDICAL CENTER,MIAMI,25.7311,-80.3861
FA35,LINDBERGH'S LANDING,MIAMI,25.6195,-80.4887
FL25,MERCY HOSPITAL,MIAMI,25.7400,-80.2123
X44,MIAMI,MIAMI,25.7783,-80.1703
FA76,MIAMI CHILDRENS HOSPITAL,MIAMI,25.7409,-80.2947
TMB,MIAMI EXECUTIVE,MIAMI,25.6476,-80.4332
71FL,MIAMI FEDERAL RESERVE BANK,MIAMI,25.8076,-80.3420
MIA,MIAMI INTL,MIAMI,25.7954,-80.2901
3FL5,MIAMI SEAQUARIUM,MIAMI,25.7340,-80.1667
FL31,MJD,MIAMI,25.5546,-80.5539
OPF,OPA-LOCKA EXECUTIVE,MIAMI,25.9074,-80.2782
FL83,WSVN TELEVISION CHANNEL 7,MIAMI,25.8504,-80.1545
FL93,MOUNT SINAI MEDICAL CENTER,MIAMI BEACH,25.8145,-80.1412
23FA,OCEAN BEACH RESORT,MIAMI BEACH,25.8257,-80.1212
1FD6,PAINES PRAIRIE,MICANOPY,29.5461,-82.2873
FL12,INGALLS FIELD,MICCOSUKEE,30.5905,-84.0304
71FD,BLACKCREEK INTL,MIDDLEBURG,30.0739,-81.8158
FL13,SPENCER'S AIRPARK,MIDDLEBURG,30.0686,-81.9607
5VG5,ST VINCENT'S CLAY COUNTY,MIDDLEBURG,30.1076,-81.8329
11FL,WILLIAMS FIELD,MIDDLEBURG,30.0430,-81.8809
FL77,CALUSA RANCH,MILES CITY,26.0545,-81.0678
NFJ,CHOCTAW NOLF,MILTON,30.5069,-86.9597
93FD,CHUMUCKLA 20-20,MILTON,30.7546,-87.1775
24FL,GARCON FIELD,MILTON,30.4900,-87.0858
16FL,J-22 RANCH,MILTON,30.7252,-87.2014
2R4,PETER PRINCE FIELD,MILTON,30.6376,-86.9937
94FD,SANTA ROSA MEDICAL CENTER,MILTON,30.6337,-87.0662
NGS,SANTA ROSA NOLF,MILTON,30.6108,-86.9400
NSE,WHITING FIELD NAS NORTH,MILTON,30.7225,-87.0239
NDZ,WHITING FIELD NAS SOUTH,MILTON,30.6986,-87.0144
3FD4,FLORIDA FLYING GATORS,MINNEOLA,28.6278,-81.8029
1FL4,NBC 6 (WTVJ),MIRAMAR,25.9864,-80.3539
74FL,JEFFERSON LANDINGS,MONTICELLO,30.5846,-83.7079
7FA8,LAKEVIEW AIRSTRIP,MONTICELLO,30.5256,-83.8583
FA30,REDTAIL AIRSTRIP,MORRISTON,29.2792,-82.5000
22FL,LAKESIDE,MOUNT DORA,28.7928,-81.6553
9FL6,LAND SOUTH,MULBERRY,27.8664,-81.9694
8FD3,BLACKWATER AIRFIELD,MUNSON,30.8777,-86.8544
FD97,NAPLES COMMUNITY HOSPITAL,NAPLES,26.1510,-81.7978
APF,NAPLES MUNI,NAPLES,26.1524,-81.7756
4FL7,PHYSICIANS RGNL MED CTR-COLLIER BLVD,NAPLES,26.1066,-81.6853
FA37,WING SOUTH AIRPARK,NAPLES,26.1168,-81.7031
1J9,FORT WALTON BEACH,NAVARRE,30.4063,-86.8292
52FD,PULLUM PAD,NAVARRE,30.4024,-86.8666
FL30,HCA NEW PORT RICHEY HOSPITAL,NEW PORT RICHEY,28.2350,-82.7179
FA40,HIDDEN LAKE,NEW PORT RICHEY,28.2831,-82.6407
6FA6,NORTH BAY HOSPITAL,NEW PORT RICHEY,28.2556,-82.7139
9FL4,PASCO COUNTY MOSQUITO,NEW PORT RICHEY,28.1934,-82.6204
FL32,RGNL MEDICAL CENTER BAYONET POINT,NEW PORT RICHEY,28.3624,-82.6880
X50,MASSEY RANCH AIRPARK,NEW SMYRNA BEACH,28.9789,-80.9248
EVB,NEW SMYRNA BEACH MUNI,NEW SMYRNA BEACH,29.0557,-80.9489
FL17,RUCKEL,NICEVILLE,30.5196,-86.4383
6FL5,TWIN CITIES HOSPITAL,NICEVILLE,30.5339,-86.4964
05FD,AVENTURA,NORTH MIAMI BEACH,25.9609,-80.1392
FL87,INTRA COASTAL POLICE SUB-STATION,NORTH MIAMI BEACH,25.9170,-80.1498
84FD,NORTH PORT EMS,NORTH PORT,27.0462,-82.2360
49FA,NORTH PORT FIRE RESCUE STATION 81,NORTH PORT,27.0744,-82.2081
4FL4,NORTH PORT FIRE RESCUE STATION 84,NORTH PORT,27.0663,-82.1626
FL18,SUWANNEE FARMS,O'BRIEN,30.0905,-83.0546
2FD6,TULLY RV AIRPARK,OAK HILL,28.8897,-80.8673
34FD,BLUE RIDGE FLIGHTPARK,OAKHILL,28.8572,-80.9070
0FA5,BRILEY FARM,OAKLAND,28.5728,-81.6286
FL49,BERNIE LITTLE,OCALA,29.1697,-82.1495
FL19,CROSSWIND FARM,OCALA,29.2453,-82.3537
FD29,FLYING DUTCHMAN RANCH,OCALA,29.1308,-82.1193
FL63,IDLE WILD,OCALA,29.2891,-82.3223
17FL,JUMBOLAIR,OCALA,29.2803,-82.1248
FL79,LOCKHEED MARTIN-OCALA,OCALA,29.0858,-81.9843
FL61,MC GINLEY,OCALA,29.0261,-82.2123
OCF,OCALA INTL-JIM TAYLOR FIELD,OCALA,29.1719,-82.2241
3FD1,ORMC TRAUMA CENTER,OCALA,29.1756,-82.1367
FA49,SHADY INTL,OCALA,29.0961,-82.1790
1FL6,SHERIFF'S NORTH MULTI DISTRICT OFFICE,OCALA,29.2739,-82.1503
3FL3,SHERIFF'S OPERATION CENTER,OCALA,29.1933,-82.1751
FL68,SHERIFF'S SOUTH MULTI DISTRICT OFFICE,OCALA,29.1058,-82.0909
FD04,LEEWARD AIR RANCH,OCALA/BELLEVIEW,29.0926,-82.0320
FL21,BERLIN,OCEANWAY,30.4630,-81.6151
16FA,LITTLE DEER,OCHOPEE,26.0309,-81.0387
FA80,LOST HORN RANCH,OCHOPEE,25.9681,-81.0815
FA74,ROMOR RANCH,OCHOPEE,25.9809,-81.0567
76FL,HEALTH CENTRAL,OCOEE,28.5506,-81.5281
57FL,LAKE KEYSTONE SEAPLANE BASE,ODESSA,28.1359,-82.5940
FD40,AMISTAD NORTH HELIPORT,OKEECHOBEE,27.2719,-80.6817
15FA,AMISTAD RANCH,OKEECHOBEE,27.2158,-80.6849
60FA,BRIGHTON,OKEECHOBEE,27.0831,-81.0831
96FD,CITRUS HEDGING RANCH,OKEECHOBEE,27.3334,-80.7362
FD39,FLYING COW AIR RANCH,OKEECHOBEE,27.1556,-80.6917
26FL,HCA RAULERSON HOSPITAL,OKEECHOBEE,27.2656,-80.8303
83FD,LAKE MONTAZA,OKEECHOBEE,27.5803,-80.8153
8FD5,LYKES BRIGHTON,OKEECHOBEE,27.1889,-81.0870
OBE,OKEECHOBEE COUNTY,OKEECHOBEE,27.2666,-80.8504
90FL,PAXTON,OKEECHOBEE,27.3612,-80.7609
33FA,RECREATION CORPORATION,OKEECHOBEE,27.5981,-80.8459
FD70,RIVER ACRES,OKEECHOBEE,27.3253,-81.0287
00FL,RIVER OAK,OKEECHOBEE,27.2309,-80.9692
08FD,SUNNILAND RANCH,OKEECHOBEE,27.3631,-80.7728
32FA,SUNSET STRIP AIRPARK,OKEECHOBEE,27.2342,-80.9037
24FA,LAKE WEIR,OKLAWAHA,29.0344,-81.9506
FA38,WOODS AND LAKES AIRPARK,OKLAWAHA,29.1236,-81.8870
FD80,MANATEE,OLD TOWN,29.5058,-82.9839
5FD0,MANATEE SPRINGS,OLD TOWN,29.4927,-82.9912
0FL3,OLD TOWN EMS,OLD TOWN,29.6033,-82.9802
3FL2,FLORIDA HOSPITAL-FISH MEMORIAL,ORANGE CITY,28.9147,-81.2847
62FD,DOCTORS LAKE,ORANGE PARK,30.1253,-81.7442
20FA,ORANGE PARK MEDICAL CENTER,ORANGE PARK,30.1653,-81.7363
FD02,85TH AVENUE AIRSTRIP,ORANGE SPRINGS,29.4850,-82.0220
2FD7,AIR ORLANDO,ORLANDO,28.4356,-81.4731
3FD5,ARNOLD PALMER HOSPITAL,ORLANDO,28.5225,-81.3803
2FL5,BROOKSVILLE INTL AIRWAYS- INC,ORLANDO,28.4239,-81.4597
FD99,DR P PHILLIPS HOSPITAL,ORLANDO,28.4286,-81.4773
ORL,EXECUTIVE,ORLANDO,28.5455,-81.3329
37FA,FLORIDA HOSPITAL,ORLANDO,28.5756,-81.3684
FD36,FLORIDA HOSPITAL EAST ORLANDO,ORLANDO,28.5408,-81.2808
FL76,HELI-PARTNERS I-DRIVE,ORLANDO,27.3844,-81.4853
97FD,HELICOPTERS INTL,ORLANDO,28.4644,-81.4600
ISM,KISSIMMEE GATEWAY,ORLANDO,28.2898,-81.4371
91FL,LAKE CONWAY NORTH,ORLANDO,28.4792,-81.3676
89FL,LAKE HIAWASSEE,ORLANDO,28.5292,-81.4809
54FD,LM-ETS,ORLANDO,28.3675,-81.0761
82FD,LOCKHEED MARTIN,ORLANDO,28.4468,-81.4510
32FL,MEYER,ORLANDO,28.5014,-81.4442
27FA,ORANGE COUNTY SHERIFF'S OFFICE,ORLANDO,28.5075,-81.4134
MCO,ORLANDO INTL,ORLANDO,28.4294,-81.3090
FD28,ORLANDO RGNL MEDICAL CENTER,ORLANDO,28.5253,-81.3770
SFB,ORLANDO SANFORD INTL,ORLANDO,28.7770,-81.2349
7FA5,PREMIUM,ORLANDO,28.3892,-81.4886
26FA,PRINCETON HOSPITAL,ORLANDO,28.5683,-81.4340
01FA,RYBOLT RANCH,ORLANDO,28.5894,-81.1442
12FL,TIMBERLACHEN,ORLANDO,28.5928,-81.4039
0FL7,WKMG-TV,ORLANDO,28.5941,-81.4199
13FD,YELVINGTON,ORLANDO,28.5186,-81.3831
98FL,SAND LAKE,ORLANDO/BUENA VISTA,28.4336,-81.4915
04FL,CROSS CREEK FARMS,ORMOND,29.2394,-81.2220
0FD0,BIG 'G',ORMOND BEACH,29.2675,-81.2301
OMN,ORMOND BEACH MUNI,ORMOND BEACH,29.3011,-81.1138
3FA5,RICHARD KOHLER,OSTEEN,28.7806,-81.1153
98FD,LAKE JESSUP,OVIEDO,28.7169,-81.2331
31FA,S & S AVION RANCH,OXFORD,28.9592,-82.1342
NRQ,SPENCER NOLF,PACE,30.6167,-87.1333
PHK,PALM BEACH CO GLADES,PAHOKEE,26.7850,-80.6934
30FL,COLUMBIA PUTNAM COMMUNITY HOSPITAL,PALATKA,29.6427,-81.6926
28J,PALATKA MUNI - LT KAY LARKIN FIELD,PALATKA,29.6584,-81.6895
2FL7,PORTA TARGET,PALM BAY,27.9242,-80.6137
87FD,PALM BEACH GARDENS MEDICAL CENTER,PALM BEACH GARDENS,26.8287,-80.0854
1FD7,PGA NATIONAL,PALM BEACH GARDENS,26.8328,-80.1434
FIN,FLAGLER EXECUTIVE,PALM COAST,29.4657,-81.2087
61FD,FLORIDA HOSPITAL-FLAGLER,PALM COAST,29.4789,-81.1917
1FD8,MEMORIAL HOSPITAL-FLAGLER HELISTOP,PALM COAST,29.4686,-81.2531
FA84,LAKE TARPON,PALM HARBOR,28.1250,-82.7269
FL73,LYKES PALMDALE,PALMDALE,26.9478,-81.3187
48X,AIRPORT MANATEE,PALMETTO,27.6426,-82.5199
2J0,WAKULLA COUNTY,PANACEA,29.9895,-84.3954
36FD,BAY HELICOPTERS,PANAMA CITY,30.1938,-85.6613
8FL4,BAY MEDICAL CENTER,PANAMA CITY,30.1578,-85.6494
4FD4,BAY SEAPLANES,PANAMA CITY,30.1849,-85.7499
27FD,COASTAL HELICOPTERS INC,PANAMA CITY,30.2721,-85.5208
4FD5,GRAND LAGOON,PANAMA CITY,30.1349,-85.7341
70FD,GULF COAST HELICOPTERS,PANAMA CITY,30.2389,-85.5578
99FD,HELI-TECH INC,PANAMA CITY,30.2113,-85.6916
NBV,NAVAL SURFACE WARFARE CENTER PANAMA CITY,PANAMA CITY,30.1752,-85.7525
ECP,NORTHWEST FLORIDA BEACHES INTL,PANAMA CITY,30.3582,-85.7956
FA20,POST ELECTRIC INC,PANAMA CITY,30.2080,-85.6758
75FL,SANDY CREEK AIRPARK,PANAMA CITY,30.1024,-85.4791
PAM,TYNDALL AFB,PANAMA CITY,30.0696,-85.5754
FA34,BEACH MOSQUITO CONTROL DISTRICT,PANAMA CITY BEACH,30.2085,-85.8277
0FD1,PANHANDLE HELICOPTER LLC,PANAMA CITY BEACH,30.2141,-85.8722
65FD,YELLOW WHIRLEY BIRD,PANAMA CITY BEACH,30.1989,-85.8283
FA21,MEMORIAL HOSPITAL WEST HELISTOP,PEMBROKE PINES,26.0131,-80.3112
FL85,BAPTIST HOSPITAL,PENSACOLA,30.4294,-87.2311
82J,FERGUSON,PENSACOLA,30.3983,-87.3489
PNS,PENSACOLA INTL,PENSACOLA,30.4734,-87.1866
NPA,PENSACOLA NAS/FORREST SHERMAN FIELD,PENSACOLA,30.3533,-87.3180
9FD1,SACRED HEART HOSPITAL,PENSACOLA,30.4760,-87.2119
NUN,SAUFLEY FIELD NOLF,PENSACOLA,30.4697,-87.3381
FL24,WEST FLORIDA RGNL MEDICAL CENTER,PENSACOLA,30.5002,-87.2500
46FA,PERDIDO KEY FIRE STATION,PERDIDO KEY,30.2917,-87.4694
FA32,CIRCLE P,PERRY,30.1033,-83.4503
0FA2,DOCTORS MEMORIAL HOSPITAL #2,PERRY,30.1198,-83.5927
FA29,LUMAR FIELD,PERRY,30.1308,-83.5494
40J,PERRY-FOLEY,PERRY,30.0693,-83.5806
2J8,PIERSON MUNI,PIERSON,29.2500,-81.4593
4FD6,PINE ISLAND HELISTOP,PINE ISLAND CENTER,26.6067,-82.1109
95FL,PINELLAS COUNTY MOSQUITO CONTROL,PINELLAS PARK,27.8756,-82.6893
FA54,CORAL CREEK,PLACIDA,26.8537,-82.2526
41FD,ROTUNDA,PLACIDA,26.8958,-82.2417
9FD2,BLACKWATER CREEK,PLANT CITY,28.1370,-82.1465
79FD,MIDWAY LAKE,PLANT CITY,28.0420,-82.0923
PCM,PLANT CITY,PLANT CITY,28.0002,-82.1633
24FD,POINCIANA MEDICAL CENTER,POINCIANA,28.1447,-81.4756
4FD7,FLANDERS FIELD,POLK CITY,28.2064,-81.8279
FA08,ORLAMPA INC,POLK CITY,28.1670,-81.8081
78FL,POMONA LANDING,POMONA PARK,29.5022,-81.5784
28FA,N BROWARD MEDICAL CENTER,POMPANO BEACH,26.2784,-80.1220
PMP,POMPANO BEACH AIRPARK,POMPANO BEACH,26.2474,-80.1112
20FL,LAKE SUZY ESTATES,PORT CHARLOTTE,27.0426,-82.0437
FA01,ST JOSEPH HOSPITAL,PORT CHARLOTTE,26.9937,-82.0952
A51,COSTIN,PORT ST JOE,29.7585,-85.2891
FL22,ST LUCIE MEDICAL CENTER,PORT ST LUCIE,27.2884,-80.2929
8FA5,SACRED HEART HOSPITAL ON THE GULF,PORT ST.  JOE,29.7784,-85.2889
FD24,SOUTHERN FRUIT GROVES,PORT ST. LUCIE,27.2212,-80.5206
FL37,TREASURE COAST AIRPARK,PORT ST. LUCIE,27.2384,-80.4914
40FL,ADANA AIRFIELD,PUNTA GORDA,26.9526,-81.8709
8FL9,BURNT STORE ROAD,PUNTA GORDA,26.8466,-82.0222
6FL3,PAYSON RANCH,PUNTA GORDA,26.9373,-81.5670
PGD,PUNTA GORDA,PUNTA GORDA,26.9189,-81.9909
F13,SHELL CREEK AIRPARK,PUNTA GORDA,26.9686,-81.9163
29FD,GADSDEN MEMORIAL HOSPITAL,QUINCY,30.5705,-84.5499
2J9,QUINCY MUNI,QUINCY,30.5979,-84.5574
49FD,WATSON FARM,QUINCY,30.6119,-84.6417
FL28,STATE PRISON FIELD,RAIFORD,30.0558,-82.1723
FA50,WINGS-N-WHEELS,REDDICK,29.3614,-82.1498
2RR,RIVER RANCH RESORT,RIVER RANCH,27.7793,-81.2039
2FL8,TIGER LAKE,RIVER RANCH,27.8836,-81.3631
58FA,ST JOSEPH'S HOSPITAL,RIVERVIEW,27.7870,-82.3457
32FD,STAR AVIATION,RIVERVIEW,27.9044,-82.3833
34FA,GEZIK,ROCKLEDGE,28.2519,-80.6689
8FD4,WUESTHOFF HOSPITAL EMERGENCY,ROCKLEDGE,28.3361,-80.7303
18FL,BAHIA BEACH,RUSKIN,27.7298,-82.4754
36FL,MEASE COUNTRYSIDE HOSPITAL,SAFETY HARBOR,28.0389,-82.7079
FL46,BARTRAM FARMS AIR PARK,SAINT AUGUSTINE,29.8212,-81.4971
3FA3,SOUTHFORK,SAINT CLOUD,28.2269,-81.3665
8FA4,COE FIELD,SAMSULA,29.0104,-81.1325
34FL,BNCFL,SAN MATEO,29.5809,-81.5917
2FA8,CENTRAL FLORIDA REGIONAL HOSPITAL,SANFORD,28.8137,-81.2837
FL55,SANFORD,SANFORD,28.8228,-81.2633
4FD9,BOWMAN'S BEACH HELISTOP,SANIBEL,26.4626,-82.1568
4FD8,CAPTIVA,SANIBEL,26.5417,-82.1920
FA22,DOVE,SARASOTA,27.3334,-82.4301
22FA,HIDDEN RIVER,SARASOTA,27.3031,-82.2726
FA77,LOWE'S,SARASOTA,27.3309,-82.2906
FA33,MOSQUITO CTL,SARASOTA,27.2725,-82.3661
6FL6,SARASOTA DEPT OF FIRE-RESCUE EAST SIDE,SARASOTA,27.3389,-82.4965
FA23,SARASOTA MEMORIAL HOSPITAL,SARASOTA,27.3178,-82.5298
4FL8,SCHWARTZ FARMS INC,SARASOTA,27.3437,-82.3173
SRQ,SARASOTA/BRADENTON INTL,SARASOTA/BRADENTON,27.3954,-82.5544
3FD6,TRADEWINDS AERODROME,SCOTTSMOOR,28.7642,-80.8539
81FL,AMBERSAND BEACH,SEBASTIAN,27.8260,-80.4313
0FD6,FULTON,SEBASTIAN,27.9075,-80.4864
X26,SEBASTIAN MUNI,SEBASTIAN,27.8132,-80.4956
FA52,FLORIDA HOSPITAL-SEBRING,SEBRING,27.5380,-81.5093
9FD3,HIGHLANDS RGNL MEDICAL CENTER,SEBRING,27.4656,-81.4323
9FL3,LAKE JOSEPHINE,SEBRING,27.3969,-81.4267
SEF,SEBRING RGNL,SEBRING,27.4564,-81.3424
88FL,SAILFISH POINT,SEWALL'S POINT,27.1698,-80.1567
6FL2,KILPATRICK FARM,SNEADS,30.7274,-84.9177
FL41,OKEELANTA,SOUTH BAY,26.5812,-80.7559
FA79,DOAN,SOUTH DAYTONA,29.1655,-81.0273
38FL,FLAGLER HOSPITAL,ST AUGUSTINE,29.8622,-81.3167
SGJ,NORTHEAST FLORIDA RGNL,ST AUGUSTINE,29.9592,-81.3397
14FD,SUNSHINE FARMS,ST AUGUSTINE,29.9491,-81.4904
72FL,GATOR AIRPARK,ST CLOUD,28.1575,-81.2348
FD37,GENTRY,ST CLOUD,28.1372,-81.2634
57FA,LAKE X,ST CLOUD,28.2086,-81.1192
FA78,ROBINESTTE,ST CLOUD,28.3330,-81.2500
FD52,ST CLOUD HOSPITAL,ST CLOUD,28.2439,-81.3034
SPG,ALBERT WHITTED,ST PETERSBURG,27.7651,-82.6270
FD64,BAY PINES VETERANS ADMINISTRATION,ST PETERSBURG,27.8081,-82.7745
2FD3,BAYFRONT HEALTH - ST PETERSBURG,ST PETERSBURG,27.7634,-82.6423
PIE,ST PETE-CLEARWATER INTL,ST PETERSBURG-CLEARWATER,27.9087,-82.6865
FL36,TOCOI,ST. AUGUSTINE,29.8675,-81.3674
FL14,JOHN HOPKINS ALL CHILDRENS HOSPITAL,ST. PETERSBURG,27.7650,-82.6406
39FD,ANCIENT OAKS,STEINHATCHEE,29.7294,-83.3535
65FL,FLORIDIAN NATIONAL GOLF CLUB- LLC,STUART,27.2086,-80.2914
44FL,MARTIN MEMORIAL MEDICAL CENTER,STUART,27.2006,-80.2435
64FA,NAKED LADY RANCH,STUART,27.1428,-80.3378
SUA,WITHAM FIELD,STUART,27.1817,-80.2213
FD51,SUMMERLAND KEY COVE,SUMMERLAND KEY,24.6588,-81.4415
FA02,ALTAIR,SUNNILAND,26.3099,-81.2273
2FL1,BROWARD COUNTY CIVIC ARENA,SUNRISE,26.1594,-80.3256
FA25,BLACK CREEK PASS,TALLAHASSE,30.5009,-84.0781
FL52,ANGEL'S FIELD,TALLAHASSEE,30.4810,-84.0868
53FD,CHARLOTTE'S FIELD,TALLAHASSEE,30.4775,-84.0347
TLH,TALLAHASSEE INTL,TALLAHASSEE,30.3967,-84.3509
FD18,TALLAHASSEE MEMORIAL HOSPITAL,TALLAHASSEE,30.4570,-84.2613
68J,TALLAHASSEE COMMERCIAL,TALLAHASSEE /HAVANA/,30.5473,-84.3738
56FA,UNIVERSITY HOSPITAL & MEDICAL CENTER,TAMARAC,26.2120,-80.2557
9FD6,ACADEMY,TAMPA,27.9470,-82.4209
FL38,CARE FLIGHT,TAMPA,27.9820,-82.4915
68FL,EMS,TAMPA,28.0031,-82.4290
FL92,L M HUGHEY,TAMPA,27.9414,-82.5354
MCF,MACDILL AFB,TAMPA,27.8493,-82.5212
FL72,MEZRAH,TAMPA,27.9475,-82.3909
TPF,PETER O KNIGHT,TAMPA,27.9154,-82.4494
VDF,TAMPA EXECUTIVE,TAMPA,28.0140,-82.3453
61FL,TAMPA GENERAL HOSPITAL,TAMPA,27.9381,-82.4593
TPA,TAMPA INTL,TAMPA,27.9755,-82.5332
X39,TAMPA NORTH AERO PARK,TAMPA,28.2213,-82.3746
54FL,TECO PLAZA,TAMPA,27.9497,-82.4601
FL70,WFLA-TV 8,TAMPA,27.9439,-82.4617
FA58,FLORIDA HOSPITAL NORTH PINELLAS,TARPON SPRINGS,28.1326,-82.7583
3FA8,SEAREY CENTRAL,TAVARES,28.7661,-81.7461
FA1,TAVARES,TAVARES,28.8006,-81.7278
FD05,MARINERS HOSPITAL,TAVERNIER,25.0069,-80.5223
FA81,TAVERNAERO PARK,TAVERNIER,25.0087,-80.5331
X21,ARTHUR DUNN AIR PARK,TITUSVILLE,28.6226,-80.8354
46FL,HOSPITAL,TITUSVILLE,28.6294,-80.8220
TTS,NASA SHUTTLE LANDING FACILITY,TITUSVILLE,28.6149,-80.6944
TIX,SPACE COAST RGNL,TITUSVILLE,28.5148,-80.7992
6FL8,AMES FIELD,TRENTON,29.5876,-82.8712
35FD,RUSH,TRENTON,29.6923,-82.7292
FL33,WATSON FLIGHT STRIP,TRENTON,29.6683,-82.8262
43FL,FLY'N R RANCH,UMATILLA,28.9841,-81.8170
X23,UMATILLA MUNI,UMATILLA,28.9242,-81.6518
X59,VALKARIA,VALKARIA,27.9609,-80.5583
FL34,EGLIN TEST SITE B6,VALPARAISO,30.6319,-86.7472
VPS,EGLIN AFB/DESTIN-FT WALTON BEACH,VALPARAISO/DESTIN-FT WALTON BEACH,30.4832,-86.5260
VNC,VENICE MUNI,VENICE,27.0716,-82.4403
FD25,FLY IN RANCHES,VERO BEACH,27.5625,-80.4988
FL74,INDIAN RIVER AERODROME,VERO BEACH,27.5986,-80.5020
3FD7,INDIAN RIVER MEMORIAL HOSPITAL,VERO BEACH,27.6639,-80.3962
X52,NEW HIBISCUS AIRPARK,VERO BEACH,27.6323,-80.5276
23FD,SCOTT 2000,VERO BEACH,27.5473,-80.6620
FL89,TRIPLE M,VERO BEACH,27.5542,-80.4398
VRB,VERO BEACH MUNI,VERO BEACH,27.6556,-80.4179
NVI,PACE NOLF,WALLACE,30.6997,-87.1956
48FL,MC KINNON AIRPARK,WALNUT HILL,30.8141,-87.4750
49FL,MIKE'S AG AIR,WALNUT HILL,30.9771,-87.4950
CHN,WAUCHULA MUNI,WAUCHULA,27.5149,-81.8805
2FL0,CRYSTAL VILLAGE,WAUSAU,30.4569,-85.6860
15FD,ORANGE HILL,WAUSAU,30.6585,-85.5299
2FD1,HOBBY HILL,WEIRSDALE,28.9755,-81.9187
97FL,LOVE FIELD,WEIRSDALE,28.9619,-81.8915
3FL0,MOUNT ROYAL,WELAKA,29.4361,-81.6567
7FL2,WELLBORN,WELLBORN,30.2455,-82.7785
FA59,NITV,WELLINGTON,26.6340,-80.2242
27FL,WESLEY CHAPEL MEDICAL CENTER,WESLEY CHAPEL,28.1947,-82.3505
1FL5,WEST BAY CREEK,WEST BAY,30.3021,-85.8644
FD74,GAMEBIRD GROVES AIRSTRIP,WEST MELBOURNE,28.0659,-80.9023
F45,NORTH PALM BEACH COUNTY GENERAL AVIATION,WEST PALM BEACH,26.8459,-80.2223
5FL5,PALM BEACH COUNTY JUDICIAL CENTER,WEST PALM BEACH,26.7148,-80.0539
LNA,PALM BEACH COUNTY PARK,WEST PALM BEACH,26.5931,-80.0851
PBI,PALM BEACH INTL,WEST PALM BEACH,26.6832,-80.0956
39FL,PALM BEACH SHERIFF'S RANGE,WEST PALM BEACH,26.7170,-80.1998
03FL,RANGER,WEST PALM BEACH,26.6837,-80.1873
5FD2,RYBOVICH,WEST PALM BEACH,26.7492,-80.0492
64FD,ST MARYS HOSPITAL,WEST PALM BEACH,26.7564,-80.0613
55FL,THE MURPHY COMPANY,WEST PALM BEACH,26.6873,-80.0573
FD38,WELLINGTON AERO CLUB,WEST PALM BEACH,26.6467,-80.2950
FL39,WELLINGTON MEDICAL CENTER,WEST PALM BEACH,26.6376,-80.2045
7FL5,WEST PALM BEACH POLICE STATION,WEST PALM BEACH,26.7140,-80.0578
FL51,WPTV,WEST PALM BEACH,26.7139,-80.0642
FD13,CLEVELAND CLINIC FLORIDA HOSPITAL,WESTON,26.0889,-80.3658
73FL,WILLISTON MEMORIAL HOSPITAL,WILLISTON,29.3830,-82.4548
X60,WILLISTON MUNI,WILLISTON,29.3554,-82.4719
96FL,WINGS FIELD,WILLISTON,29.2425,-82.5454
23FL,GYRO TOWN USA,WIMAUMA,27.6844,-82.2442
FD77,WIMAUMA AIR PARK,WIMAUMA,27.7120,-82.2829
2FL6,I-10 HELISTOP,WINFIELD,30.2733,-82.7844
FL95,BROOCKE AIR PATCH,WINTER BEACH,27.7086,-80.4528
FD69,LAKE APOPKA SOUTH,WINTER GARDEN,28.5735,-81.5949
7FL1,ADAMS EXECUTIVE,WINTER HAVEN,28.0169,-81.6750
F57,JACK BROWNS,WINTER HAVEN,28.0575,-81.7628
FL42,KING SEAAERO,WINTER HAVEN,28.0386,-81.7537
72FD,LAZY B I RANCH,WINTER HAVEN,28.0297,-81.6545
FA31,LEGOLAND FLORIDA,WINTER HAVEN,27.9897,-81.6931
60FD,WINTER HAVEN HOSPITAL,WINTER HAVEN,28.0281,-81.7247
GIF,WINTER HAVEN'S GILBERT,WINTER HAVEN,28.0629,-81.7533
FD98,FERGUSON,WINTER SPRINGS,28.7147,-81.2701
FL54,FLYING TIGER FIELD,WORTHINGTON,29.9355,-82.4107
FL48,SIERRA AIRPARK,WORTHINGTON SPRINGS,28.8822,-82.4297
6FD5,BLANKET BAY,YEEHAW JUNCTION,27.7786,-81.0998
83FL,NASSAU,YULEE,30.6188,-81.5337
X61,BOB WHITE FIELD,ZELLWOOD,28.7353,-81.6291
FA83,ORLANDO NORTH AIRPARK,ZELLWOOD,28.7264,-81.6509
FL97,TANGERINE,ZELLWOOD,28.7603,-81.6059
13FL,GATOR LAKE,ZEPHYRHILLS,28.2767,-82.3206
ZPH,ZEPHYRHILLS MUNI,ZEPHYRHILLS,28.2280,-82.1560
FL00,GRIFFINS PEACE RIVER RANCH,ZOLFO SPRINGS,27.4189,-81.8326
67FL,MYAKKA HEAD,ZOLFO SPRINGS,27.4556,-82.1050
